"","adf.01_H","adf.05_H","adf.1_H","R.01_H","R.05_H","R.1_H","adf.01_F","adf.05_F","adf.1_F","R.01_F","R.05_F","R.1_F","adf.01_KS","adf.05_KS","adf.1_KS","R.01_KS","R.05_KS","R.1_KS"
"3-10-0.2-50",0.68,0.9,0.936666666666667,0.873333333333333,0.89,0.896666666666667,0.0585714285714286,0.0585714285714286,0.0928571428571429,0.287142857142857,0.264285714285714,0.265714285714286,0.621428571428571,0.841428571428571,0.843809523809524,0.586190476190476,0.625714285714286,0.630952380952381
"3-10-0.2-75",0.946666666666667,0.943333333333333,0.943333333333333,0.87,0.873333333333333,0.866666666666667,0.0328571428571429,0.08,0.125714285714286,0.31,0.298571428571429,0.314285714285714,0.913809523809524,0.863333333333333,0.817619047619048,0.56,0.574761904761905,0.552380952380952
"3-10-0.2-100",0.976666666666667,0.95,0.933333333333333,0.913333333333333,0.923333333333333,0.92,0.03,0.102857142857143,0.205714285714286,0.255714285714286,0.245714285714286,0.254285714285714,0.946666666666667,0.847142857142857,0.727619047619048,0.657619047619048,0.677619047619048,0.665714285714286
"3-10-0.2-200",0.986666666666667,0.943333333333333,0.97,0.933333333333333,0.943333333333333,0.936666666666667,0.0357142857142857,0.13,0.177142857142857,0.191428571428571,0.187142857142857,0.188571428571429,0.950952380952381,0.813333333333333,0.792857142857143,0.741904761904762,0.756190476190476,0.748095238095238
"3-10-0.6-50",0.666666666666667,0.906666666666667,0.933333333333333,0.866666666666667,0.89,0.9,0.06,0.03,0.0571428571428571,0.341428571428571,0.31,0.305714285714286,0.606666666666667,0.876666666666667,0.876190476190476,0.525238095238095,0.58,0.594285714285714
"3-10-0.6-75",0.94,0.963333333333333,0.973333333333333,0.873333333333333,0.88,0.886666666666667,0.0142857142857143,0.0314285714285714,0.0657142857142857,0.308571428571429,0.308571428571429,0.3,0.925714285714286,0.931904761904762,0.907619047619048,0.564761904761905,0.571428571428571,0.586666666666667
"3-10-0.6-100",0.996666666666667,0.993333333333333,0.96,0.953333333333333,0.95,0.95,0.0114285714285714,0.0528571428571429,0.104285714285714,0.201428571428571,0.201428571428571,0.208571428571429,0.985238095238095,0.94047619047619,0.855714285714286,0.751904761904762,0.748571428571429,0.741428571428571
"3-10-0.6-200",0.996666666666667,0.996666666666667,1,0.983333333333333,0.983333333333333,0.983333333333333,0.0142857142857143,0.0471428571428571,0.0785714285714286,0.164285714285714,0.164285714285714,0.164285714285714,0.982380952380952,0.94952380952381,0.921428571428571,0.819047619047619,0.819047619047619,0.819047619047619
"3-20-0.2-50",0.443333333333333,0.44,0.446666666666667,0.613333333333333,0.646666666666667,0.653333333333333,0.0952941176470588,0.175294117647059,0.23,0.284705882352941,0.257058823529412,0.257647058823529,0.348039215686275,0.264705882352941,0.216666666666667,0.328627450980392,0.389607843137255,0.395686274509804
"3-20-0.2-75",0.376666666666667,0.34,0.366666666666667,0.686666666666667,0.78,0.663333333333333,0.154705882352941,0.227058823529412,0.292352941176471,0.274117647058824,0.244117647058824,0.287647058823529,0.221960784313725,0.112941176470588,0.074313725490196,0.412549019607843,0.535882352941176,0.375686274509804
"3-20-0.2-100",0.34,0.196666666666667,0.23,0.776666666666667,0.73,0.826666666666667,0.162352941176471,0.252941176470588,0.291176470588235,0.246470588235294,0.252941176470588,0.241176470588235,0.177647058823529,-0.0562745098039216,-0.0611764705882353,0.530196078431373,0.477058823529412,0.585490196078431
"3-20-0.2-200",0.333333333333333,0.243333333333333,0.363333333333333,0.886666666666667,0.91,0.9,0.191176470588235,0.249411764705882,0.268235294117647,0.215294117647059,0.209411764705882,0.209411764705882,0.142156862745098,-0.00607843137254901,0.0950980392156863,0.671372549019608,0.700588235294118,0.690588235294118
"3-20-0.6-50",0.476666666666667,0.536666666666667,0.43,0.653333333333333,0.676666666666667,0.71,0.0670588235294118,0.0982352941176471,0.160588235294118,0.223529411764706,0.205882352941176,0.202352941176471,0.409607843137255,0.43843137254902,0.269411764705882,0.429803921568627,0.47078431372549,0.507647058823529
"3-20-0.6-75",0.553333333333333,0.45,0.516666666666667,0.763333333333333,0.766666666666667,0.753333333333333,0.0905882352941176,0.166470588235294,0.204117647058824,0.312352941176471,0.291176470588235,0.292941176470588,0.462745098039216,0.283529411764706,0.312549019607843,0.450980392156863,0.475490196078431,0.460392156862745
"3-20-0.6-100",0.58,0.386666666666667,0.313333333333333,0.8,0.783333333333333,0.836666666666667,0.0876470588235294,0.159411764705882,0.21,0.162941176470588,0.176470588235294,0.142941176470588,0.492352941176471,0.227254901960784,0.103333333333333,0.637058823529412,0.606862745098039,0.693725490196078
"3-20-0.6-200",0.54,0.263333333333333,0.286666666666667,0.91,0.903333333333333,0.92,0.104705882352941,0.187647058823529,0.208235294117647,0.171764705882353,0.197647058823529,0.181764705882353,0.435294117647059,0.0756862745098039,0.0784313725490196,0.738235294117647,0.705686274509804,0.738235294117647
"3-30-0.2-50",0.476666666666667,0.686666666666667,0.8,0.603333333333333,0.646666666666667,0.663333333333333,0.0733333333333333,0.105925925925926,0.148888888888889,0.207777777777778,0.200740740740741,0.194814814814815,0.403333333333333,0.580740740740741,0.651111111111111,0.395555555555556,0.445925925925926,0.468518518518519
"3-30-0.2-75",0.843333333333333,0.823333333333333,0.866666666666667,0.656666666666667,0.706666666666667,0.69,0.0907407407407407,0.163703703703704,0.221851851851852,0.272222222222222,0.272962962962963,0.283703703703704,0.752592592592593,0.65962962962963,0.644814814814815,0.384444444444444,0.433703703703704,0.406296296296296
"3-30-0.2-100",0.886666666666667,0.826666666666667,0.886666666666667,0.666666666666667,0.69,0.71,0.0981481481481482,0.168518518518519,0.228888888888889,0.224814814814815,0.222962962962963,0.208888888888889,0.788518518518519,0.658148148148148,0.657777777777778,0.441851851851852,0.467037037037037,0.501111111111111
"3-30-0.2-200",0.88,0.906666666666667,0.966666666666667,0.773333333333333,0.743333333333333,0.773333333333333,0.11,0.151111111111111,0.204444444444444,0.231481481481481,0.235555555555556,0.231851851851852,0.77,0.755555555555556,0.762222222222222,0.541851851851852,0.507777777777778,0.541481481481481
"3-30-0.6-50",0.453333333333333,0.763333333333333,0.78,0.61,0.613333333333333,0.64,0.0577777777777778,0.0692592592592593,0.101851851851852,0.184814814814815,0.187777777777778,0.181111111111111,0.395555555555556,0.694074074074074,0.678148148148148,0.425185185185185,0.425555555555556,0.458888888888889
"3-30-0.6-75",0.843333333333333,0.926666666666667,0.946666666666667,0.693333333333333,0.646666666666667,0.71,0.0603703703703704,0.0962962962962963,0.122592592592593,0.242222222222222,0.255555555555556,0.217407407407407,0.782962962962963,0.83037037037037,0.824074074074074,0.451111111111111,0.391111111111111,0.492592592592593
"3-30-0.6-100",0.93,0.956666666666667,0.916666666666667,0.77,0.8,0.77,0.0674074074074074,0.092962962962963,0.124074074074074,0.244074074074074,0.213703703703704,0.231481481481481,0.862592592592593,0.863703703703704,0.792592592592593,0.525925925925926,0.586296296296296,0.538518518518519
"3-30-0.6-200",0.98,0.953333333333333,0.986666666666667,0.806666666666667,0.8,0.806666666666667,0.0777777777777778,0.112222222222222,0.13,0.16037037037037,0.175925925925926,0.160740740740741,0.902222222222222,0.841111111111111,0.856666666666667,0.646296296296296,0.624074074074074,0.645925925925926
"3-40-0.2-50",0.203333333333333,0.376666666666667,0.4,0.536666666666667,0.526666666666667,0.523333333333333,0.101621621621622,0.158918918918919,0.219459459459459,0.174054054054054,0.177027027027027,0.176216216216216,0.101711711711712,0.217747747747748,0.180540540540541,0.362612612612613,0.34963963963964,0.347117117117117
"3-40-0.2-75",0.293333333333333,0.293333333333333,0.316666666666667,0.58,0.6,0.61,0.110810810810811,0.153513513513513,0.199459459459459,0.210810810810811,0.198378378378378,0.204324324324324,0.182522522522523,0.13981981981982,0.117207207207207,0.369189189189189,0.401621621621622,0.405675675675676
"3-40-0.2-100",0.413333333333333,0.323333333333333,0.303333333333333,0.58,0.606666666666667,0.563333333333333,0.112432432432432,0.180810810810811,0.227297297297297,0.23972972972973,0.225945945945946,0.231621621621622,0.300900900900901,0.142522522522522,0.076036036036036,0.34027027027027,0.380720720720721,0.331711711711712
"3-40-0.2-200",0.413333333333333,0.276666666666667,0.42,0.686666666666667,0.686666666666667,0.7,0.12972972972973,0.176756756756757,0.2,0.205945945945946,0.201621621621622,0.204864864864865,0.283603603603604,0.0999099099099099,0.22,0.480720720720721,0.485045045045045,0.495135135135135
"3-40-0.6-50",0.303333333333333,0.433333333333333,0.553333333333333,0.546666666666667,0.54,0.503333333333333,0.067027027027027,0.107027027027027,0.142162162162162,0.154594594594595,0.156756756756757,0.161621621621622,0.236306306306306,0.326306306306306,0.411171171171171,0.392072072072072,0.383243243243243,0.341711711711712
"3-40-0.6-75",0.553333333333333,0.556666666666667,0.526666666666667,0.58,0.546666666666667,0.6,0.0772972972972973,0.125135135135135,0.168378378378378,0.201081081081081,0.19972972972973,0.186216216216216,0.476036036036036,0.431531531531532,0.358288288288288,0.378918918918919,0.346936936936937,0.413783783783784
"3-40-0.6-100",0.676666666666667,0.59,0.53,0.66,0.646666666666667,0.676666666666667,0.07,0.101621621621622,0.134324324324324,0.203243243243243,0.196486486486486,0.195135135135135,0.606666666666667,0.488378378378378,0.395675675675676,0.456756756756757,0.45018018018018,0.481531531531531
"3-40-0.6-200",0.71,0.543333333333333,0.553333333333333,0.733333333333333,0.723333333333333,0.7,0.0794594594594595,0.114864864864865,0.139189189189189,0.218108108108108,0.217027027027027,0.224324324324324,0.630540540540541,0.428468468468468,0.414144144144144,0.515225225225225,0.506306306306306,0.475675675675676
"5-10-0.2-50",0.706,0.924,0.974,0.806,0.808,0.794,0.016,0.06,0.118,0.262,0.264,0.268,0.69,0.864,0.856,0.544,0.544,0.526
"5-10-0.2-75",0.962,0.976,0.988,0.832,0.832,0.832,0.024,0.076,0.136,0.302,0.302,0.298,0.938,0.9,0.852,0.53,0.53,0.534
"5-10-0.2-100",0.99,0.998,0.984,0.942,0.93,0.936,0.024,0.074,0.134,0.236,0.256,0.25,0.966,0.924,0.85,0.706,0.674,0.686
"5-10-0.2-200",0.994,0.98,0.978,0.924,0.926,0.924,0.018,0.08,0.138,0.234,0.222,0.244,0.976,0.9,0.84,0.69,0.704,0.68
"5-10-0.6-50",0.708,0.93,0.966,0.792,0.778,0.79,0.022,0.022,0.052,0.288,0.294,0.304,0.686,0.908,0.914,0.504,0.484,0.486
"5-10-0.6-75",0.974,0.996,0.992,0.902,0.898,0.902,0.002,0.038,0.09,0.24,0.252,0.236,0.972,0.958,0.902,0.662,0.646,0.666
"5-10-0.6-100",0.996,0.996,0.99,0.904,0.914,0.91,0.012,0.048,0.088,0.332,0.328,0.322,0.984,0.948,0.902,0.572,0.586,0.588
"5-10-0.6-200",1,1,0.994,0.964,0.966,0.964,0.006,0.034,0.06,0.222,0.212,0.222,0.994,0.966,0.934,0.742,0.754,0.742
"5-20-0.2-50",0.626,0.844,0.93,0.68,0.644,0.666,0.0366666666666667,0.054,0.0846666666666667,0.201333333333333,0.231333333333333,0.213333333333333,0.589333333333333,0.79,0.845333333333333,0.478666666666667,0.412666666666667,0.452666666666667
"5-20-0.2-75",0.948,0.944,0.944,0.764,0.782,0.758,0.0153333333333333,0.0626666666666667,0.110666666666667,0.251333333333333,0.256,0.282666666666667,0.932666666666667,0.881333333333333,0.833333333333333,0.512666666666667,0.526,0.475333333333333
"5-20-0.2-100",0.972,0.958,0.95,0.896,0.886,0.88,0.0353333333333333,0.115333333333333,0.192666666666667,0.256,0.268,0.265333333333333,0.936666666666667,0.842666666666667,0.757333333333333,0.64,0.618,0.614666666666667
"5-20-0.2-200",0.992,0.976,0.976,0.946,0.936,0.946,0.0446666666666667,0.0993333333333333,0.156666666666667,0.184666666666667,0.190666666666667,0.185333333333333,0.947333333333333,0.876666666666667,0.819333333333333,0.761333333333333,0.745333333333333,0.760666666666667
"5-20-0.6-50",0.648,0.872,0.916,0.734,0.728,0.762,0.0293333333333333,0.0446666666666667,0.0866666666666667,0.176,0.174666666666667,0.161333333333333,0.618666666666667,0.827333333333333,0.829333333333333,0.558,0.553333333333333,0.600666666666667
"5-20-0.6-75",0.952,0.964,0.978,0.814,0.84,0.822,0.014,0.0573333333333333,0.094,0.186,0.158666666666667,0.176,0.938,0.906666666666667,0.884,0.628,0.681333333333333,0.646
"5-20-0.6-100",0.976,0.986,0.978,0.862,0.864,0.864,0.0233333333333333,0.0666666666666667,0.103333333333333,0.226666666666667,0.226666666666667,0.225333333333333,0.952666666666667,0.919333333333333,0.874666666666667,0.635333333333333,0.637333333333333,0.638666666666667
"5-20-0.6-200",0.998,0.99,0.976,0.892,0.902,0.896,0.00533333333333333,0.0286666666666667,0.0586666666666667,0.22,0.208,0.217333333333333,0.992666666666667,0.961333333333333,0.917333333333333,0.672,0.694,0.678666666666667
"5-30-0.2-50",0.616,0.86,0.902,0.614,0.61,0.62,0.062,0.1112,0.168,0.2044,0.21,0.2116,0.554,0.7488,0.734,0.4096,0.4,0.4084
"5-30-0.2-75",0.922,0.972,0.978,0.64,0.644,0.658,0.0656,0.1144,0.1584,0.2404,0.2416,0.2172,0.8564,0.8576,0.8196,0.3996,0.4024,0.4408
"5-30-0.2-100",0.962,0.978,0.984,0.738,0.742,0.74,0.088,0.1224,0.1644,0.162,0.164,0.1748,0.874,0.8556,0.8196,0.576,0.578,0.5652
"5-30-0.2-200",0.994,0.99,0.992,0.846,0.854,0.848,0.0992,0.1792,0.2472,0.2544,0.25,0.2564,0.8948,0.8108,0.7448,0.5916,0.604,0.5916
"5-30-0.6-50",0.632,0.888,0.922,0.646,0.62,0.65,0.0348,0.0604,0.1084,0.166,0.1644,0.1688,0.5972,0.8276,0.8136,0.48,0.4556,0.4812
"5-30-0.6-75",0.916,0.966,0.966,0.732,0.674,0.706,0.046,0.0832,0.1112,0.1992,0.2312,0.2332,0.87,0.8828,0.8548,0.5328,0.4428,0.4728
"5-30-0.6-100",0.958,0.982,0.986,0.78,0.774,0.784,0.0652,0.1,0.1188,0.1884,0.1924,0.1776,0.8928,0.882,0.8672,0.5916,0.5816,0.6064
"5-30-0.6-200",0.988,0.986,1,0.858,0.874,0.856,0.0728,0.098,0.1236,0.218,0.206,0.2048,0.9152,0.888,0.8764,0.64,0.668,0.6512
"5-40-0.2-50",0.534,0.724,0.834,0.47,0.52,0.506,0.0534285714285714,0.0931428571428571,0.133142857142857,0.170571428571429,0.164,0.173142857142857,0.480571428571429,0.630857142857143,0.700857142857143,0.299428571428571,0.356,0.332857142857143
"5-40-0.2-75",0.862,0.896,0.874,0.618,0.632,0.622,0.0554285714285714,0.0997142857142857,0.148,0.181428571428571,0.172,0.161714285714286,0.806571428571429,0.796285714285714,0.726,0.436571428571429,0.46,0.460285714285714
"5-40-0.2-100",0.934,0.936,0.938,0.672,0.662,0.652,0.0682857142857143,0.107428571428571,0.161714285714286,0.172571428571429,0.174,0.178285714285714,0.865714285714286,0.828571428571429,0.776285714285714,0.499428571428571,0.488,0.473714285714286
"5-40-0.2-200",0.958,0.978,0.97,0.814,0.804,0.798,0.0828571428571429,0.132285714285714,0.186571428571429,0.193428571428571,0.196857142857143,0.203142857142857,0.875142857142857,0.845714285714286,0.783428571428571,0.620571428571429,0.607142857142857,0.594857142857143
"5-40-0.6-50",0.472,0.804,0.87,0.526,0.564,0.558,0.048,0.0551428571428571,0.0897142857142857,0.163142857142857,0.16,0.157714285714286,0.424,0.748857142857143,0.780285714285714,0.362857142857143,0.404,0.400285714285714
"5-40-0.6-75",0.892,0.964,0.94,0.634,0.652,0.642,0.0431428571428571,0.0717142857142857,0.102,0.166285714285714,0.156571428571429,0.162571428571429,0.848857142857143,0.892285714285714,0.838,0.467714285714286,0.495428571428571,0.479428571428571
"5-40-0.6-100",0.974,0.958,0.97,0.752,0.76,0.73,0.0551428571428571,0.0934285714285714,0.119714285714286,0.161142857142857,0.149142857142857,0.171142857142857,0.918857142857143,0.864571428571429,0.850285714285714,0.590857142857143,0.610857142857143,0.558857142857143
"5-40-0.6-200",0.976,0.994,0.996,0.84,0.852,0.814,0.0605714285714286,0.0814285714285714,0.0948571428571429,0.149714285714286,0.131714285714286,0.164285714285714,0.915428571428571,0.912571428571429,0.901142857142857,0.690285714285714,0.720285714285714,0.649714285714286
"7-20-0.2-50",0.632857142857143,0.85,0.927142857142857,0.651428571428571,0.628571428571429,0.641428571428571,0.0184615384615385,0.0607692307692308,0.106923076923077,0.21,0.226153846153846,0.213076923076923,0.614395604395604,0.789230769230769,0.82021978021978,0.441428571428572,0.402417582417582,0.428351648351648
"7-20-0.2-75",0.925714285714286,0.98,0.975714285714286,0.751428571428571,0.751428571428571,0.752857142857143,0.0323076923076923,0.0984615384615385,0.176153846153846,0.202307692307692,0.216923076923077,0.213846153846154,0.893406593406593,0.881538461538461,0.79956043956044,0.549120879120879,0.534505494505495,0.539010989010989
"7-20-0.2-100",0.992857142857143,0.991428571428571,0.982857142857143,0.828571428571429,0.842857142857143,0.831428571428571,0.0238461538461538,0.0623076923076923,0.0923076923076923,0.203076923076923,0.203076923076923,0.202307692307692,0.969010989010989,0.929120879120879,0.890549450549451,0.625494505494506,0.63978021978022,0.629120879120879
"7-20-0.2-200",0.997142857142857,0.99,0.994285714285714,0.882857142857143,0.881428571428571,0.884285714285714,0.0176923076923077,0.0715384615384615,0.137692307692308,0.196923076923077,0.206153846153846,0.189230769230769,0.979450549450549,0.918461538461538,0.856593406593407,0.685934065934066,0.675274725274725,0.695054945054945
"7-20-0.6-50",0.632857142857143,0.857142857142857,0.93,0.638571428571429,0.628571428571429,0.628571428571429,0.00923076923076923,0.0176923076923077,0.0392307692307692,0.193846153846154,0.186923076923077,0.202307692307692,0.623626373626374,0.839450549450549,0.890769230769231,0.444725274725275,0.441648351648352,0.426263736263736
"7-20-0.6-75",0.901428571428571,0.975714285714286,0.98,0.755714285714286,0.758571428571429,0.764285714285714,0.000769230769230769,0.0253846153846154,0.0630769230769231,0.193076923076923,0.180769230769231,0.179230769230769,0.900659340659341,0.95032967032967,0.916923076923077,0.562637362637363,0.577802197802198,0.585054945054945
"7-20-0.6-100",0.985714285714286,0.995714285714286,0.988571428571429,0.835714285714286,0.821428571428571,0.847142857142857,0.0161538461538462,0.0415384615384615,0.0723076923076923,0.169230769230769,0.171538461538462,0.142307692307692,0.96956043956044,0.954175824175824,0.916263736263736,0.666483516483517,0.64989010989011,0.704835164835165
"7-20-0.6-200",1,0.995714285714286,0.995714285714286,0.928571428571429,0.934285714285714,0.93,0.0115384615384615,0.0515384615384615,0.0915384615384615,0.189230769230769,0.182307692307692,0.180769230769231,0.988461538461539,0.944175824175824,0.904175824175824,0.739340659340659,0.751978021978022,0.749230769230769
"7-30-0.2-50",0.585714285714286,0.838571428571429,0.902857142857143,0.522857142857143,0.52,0.52,0.051304347826087,0.11695652173913,0.160869565217391,0.194782608695652,0.207826086956522,0.205652173913043,0.534409937888199,0.721614906832298,0.741987577639752,0.328074534161491,0.312173913043478,0.314347826086957
"7-30-0.2-75",0.894285714285714,0.965714285714286,0.977142857142857,0.651428571428571,0.628571428571429,0.635714285714286,0.0726086956521739,0.144347826086957,0.185652173913043,0.180434782608696,0.207826086956522,0.196521739130435,0.82167701863354,0.821366459627329,0.791490683229814,0.470993788819876,0.420745341614907,0.439192546583851
"7-30-0.2-100",0.971428571428571,0.981428571428571,0.981428571428571,0.69,0.71,0.737142857142857,0.08,0.143478260869565,0.200869565217391,0.230869565217391,0.211739130434783,0.197826086956522,0.891428571428571,0.837950310559006,0.78055900621118,0.459130434782609,0.498260869565217,0.539316770186335
"7-30-0.2-200",0.994285714285714,0.995714285714286,0.988571428571429,0.852857142857143,0.842857142857143,0.834285714285714,0.0978260869565217,0.14,0.185652173913043,0.168695652173913,0.183913043478261,0.180869565217391,0.896459627329193,0.855714285714286,0.802919254658385,0.68416149068323,0.658944099378882,0.653416149068323
"7-30-0.6-50",0.601428571428571,0.837142857142857,0.927142857142857,0.582857142857143,0.558571428571429,0.554285714285714,0.041304347826087,0.0952173913043478,0.158260869565217,0.207391304347826,0.209130434782609,0.213913043478261,0.560124223602484,0.741925465838509,0.76888198757764,0.375465838509317,0.34944099378882,0.340372670807453
"7-30-0.6-75",0.91,0.975714285714286,0.98,0.721428571428571,0.721428571428571,0.708571428571429,0.0404347826086957,0.0865217391304348,0.115217391304348,0.196521739130435,0.199130434782609,0.204347826086957,0.869565217391304,0.889192546583851,0.864782608695652,0.524906832298137,0.522298136645963,0.504223602484472
"7-30-0.6-100",0.972857142857143,0.98,0.99,0.684285714285714,0.671428571428571,0.651428571428571,0.0643478260869565,0.103913043478261,0.134347826086957,0.173913043478261,0.168260869565217,0.180434782608696,0.908509316770186,0.876086956521739,0.855652173913043,0.510372670807453,0.503167701863354,0.470993788819876
"7-30-0.6-200",0.994285714285714,0.994285714285714,0.99,0.785714285714286,0.79,0.792857142857143,0.0847826086956522,0.0982608695652174,0.115652173913043,0.209130434782609,0.20304347826087,0.208260869565217,0.909503105590062,0.896024844720497,0.874347826086956,0.576583850931677,0.58695652173913,0.584596273291925
"7-40-0.2-50",0.531428571428571,0.791428571428571,0.88,0.455714285714286,0.502857142857143,0.478571428571429,0.0481818181818182,0.0836363636363636,0.123636363636364,0.151515151515152,0.132424242424242,0.14969696969697,0.483246753246753,0.707792207792208,0.756363636363636,0.304199134199134,0.3704329004329,0.328874458874459
"7-40-0.2-75",0.824285714285714,0.93,0.967142857142857,0.57,0.58,0.601428571428571,0.0572727272727273,0.103030303030303,0.152424242424242,0.173636363636364,0.160606060606061,0.153636363636364,0.767012987012987,0.826969696969697,0.814718614718615,0.396363636363636,0.419393939393939,0.447792207792208
"7-40-0.2-100",0.971428571428571,0.965714285714286,0.978571428571429,0.727142857142857,0.692857142857143,0.711428571428571,0.0648484848484848,0.108181818181818,0.149393939393939,0.155151515151515,0.170606060606061,0.162727272727273,0.906580086580087,0.857532467532468,0.829177489177489,0.571991341991342,0.522251082251082,0.548701298701299
"7-40-0.2-200",0.994285714285714,0.995714285714286,0.984285714285714,0.788571428571429,0.781428571428571,0.785714285714286,0.0784848484848485,0.111818181818182,0.155454545454545,0.156363636363636,0.158787878787879,0.162424242424242,0.915800865800866,0.883896103896104,0.828831168831169,0.632207792207792,0.622640692640693,0.623290043290043
"7-40-0.6-50",0.584285714285714,0.837142857142857,0.922857142857143,0.551428571428571,0.561428571428571,0.592857142857143,0.0318181818181818,0.0551515151515152,0.0854545454545454,0.139393939393939,0.14030303030303,0.127272727272727,0.552467532467532,0.781991341991342,0.837402597402597,0.412034632034632,0.421125541125541,0.465584415584416
"7-40-0.6-75",0.867142857142857,0.974285714285714,0.964285714285714,0.585714285714286,0.584285714285714,0.608571428571429,0.0366666666666667,0.0693939393939394,0.10969696969697,0.163636363636364,0.170909090909091,0.155454545454545,0.83047619047619,0.904891774891775,0.854588744588745,0.422077922077922,0.413376623376623,0.453116883116883
"7-40-0.6-100",0.967142857142857,0.987142857142857,0.97,0.655714285714286,0.668571428571429,0.678571428571429,0.0451515151515152,0.0803030303030303,0.107575757575758,0.191818181818182,0.185757575757576,0.195757575757576,0.921991341991342,0.906839826839827,0.862424242424242,0.463896103896104,0.482813852813853,0.482813852813853
"7-40-0.6-200",0.997142857142857,0.992857142857143,0.987142857142857,0.828571428571429,0.828571428571429,0.824285714285714,0.0542424242424242,0.0636363636363636,0.0978787878787879,0.171818181818182,0.176969696969697,0.176666666666667,0.942900432900433,0.929220779220779,0.889264069264069,0.656753246753247,0.651601731601732,0.647619047619048
"10-20-0.2-50",0.573,0.809,0.896,0.61,0.599,0.605,0.008,0.04,0.101,0.173,0.168,0.155,0.565,0.769,0.795,0.437,0.431,0.45
"10-20-0.2-75",0.913,0.972,0.986,0.655,0.649,0.657,0.007,0.044,0.089,0.218,0.235,0.208,0.906,0.928,0.897,0.437,0.414,0.449
"10-20-0.2-100",0.989,0.981,0.985,0.754,0.756,0.741,0.024,0.095,0.145,0.225,0.225,0.233,0.965,0.886,0.84,0.529,0.531,0.508
"10-20-0.2-200",0.995,0.989,0.994,0.878,0.876,0.877,0.031,0.089,0.169,0.223,0.226,0.224,0.964,0.9,0.825,0.655,0.65,0.653
"10-20-0.6-50",0.57,0.824,0.918,0.618,0.612,0.611,0.006,0.028,0.068,0.129,0.143,0.153,0.564,0.796,0.85,0.489,0.469,0.458
"10-20-0.6-75",0.908,0.992,0.991,0.715,0.72,0.707,0.009,0.035,0.066,0.228,0.214,0.236,0.899,0.957,0.925,0.487,0.506,0.471
"10-20-0.6-100",0.987,0.998,0.993,0.773,0.775,0.764,0.003,0.015,0.046,0.178,0.179,0.197,0.984,0.983,0.947,0.595,0.596,0.567
"10-20-0.6-200",1,0.998,0.996,0.897,0.897,0.895,0.003,0.023,0.048,0.199,0.19,0.203,0.997,0.975,0.948,0.698,0.707,0.692
"10-30-0.2-50",0.536,0.784,0.887,0.487,0.49,0.476,0.0485,0.119,0.1775,0.212,0.215,0.2215,0.4875,0.665,0.7095,0.275,0.275,0.2545
"10-30-0.2-75",0.882,0.97,0.988,0.59,0.606,0.598,0.064,0.121,0.166,0.2065,0.191,0.196,0.818,0.849,0.822,0.3835,0.415,0.402
"10-30-0.2-100",0.972,0.991,0.989,0.65,0.656,0.648,0.0985,0.1495,0.2115,0.2615,0.2415,0.2515,0.8735,0.8415,0.7775,0.3885,0.4145,0.3965
"10-30-0.2-200",0.999,0.995,1,0.765,0.775,0.781,0.1415,0.219,0.269,0.1895,0.1825,0.1635,0.8575,0.776,0.731,0.5755,0.5925,0.6175
"10-30-0.6-50",0.589,0.819,0.91,0.506,0.515,0.508,0.0235,0.061,0.0985,0.1775,0.1735,0.186,0.5655,0.758,0.8115,0.3285,0.3415,0.322
"10-30-0.6-75",0.863,0.974,0.981,0.627,0.618,0.629,0.0485,0.094,0.14,0.173,0.167,0.181,0.8145,0.88,0.841,0.454,0.451,0.448
"10-30-0.6-100",0.971,0.987,0.988,0.698,0.692,0.687,0.069,0.109,0.145,0.157,0.1585,0.1755,0.902,0.878,0.843,0.541,0.5335,0.5115
"10-30-0.6-200",0.998,0.995,0.999,0.808,0.818,0.812,0.0885,0.1275,0.167,0.21,0.218,0.225,0.9095,0.8675,0.832,0.598,0.6,0.587
"10-40-0.2-50",0.528,0.781,0.868,0.448,0.476,0.478,0.0333333333333333,0.091,0.154666666666667,0.142666666666667,0.133,0.136,0.494666666666667,0.69,0.713333333333333,0.305333333333333,0.343,0.342
"10-40-0.2-75",0.868,0.975,0.974,0.544,0.564,0.581,0.0423333333333333,0.0916666666666667,0.158666666666667,0.166333333333333,0.151666666666667,0.144666666666667,0.825666666666667,0.883333333333333,0.815333333333333,0.377666666666667,0.412333333333333,0.436333333333333
"10-40-0.2-100",0.986,0.984,0.974,0.65,0.636,0.633,0.0673333333333333,0.111,0.161333333333333,0.173,0.172666666666667,0.164,0.918666666666667,0.873,0.812666666666667,0.477,0.463333333333333,0.469
"10-40-0.2-200",0.999,0.986,0.994,0.775,0.784,0.781,0.0716666666666667,0.111333333333333,0.154333333333333,0.191,0.181666666666667,0.171333333333333,0.927333333333333,0.874666666666667,0.839666666666667,0.584,0.602333333333333,0.609666666666667
"10-40-0.6-50",0.583,0.847,0.921,0.511,0.528,0.501,0.023,0.0493333333333333,0.0816666666666667,0.142333333333333,0.127,0.144666666666667,0.56,0.797666666666667,0.839333333333333,0.368666666666667,0.401,0.356333333333333
"10-40-0.6-75",0.894,0.972,0.981,0.583,0.595,0.586,0.0316666666666667,0.0763333333333333,0.108,0.184,0.168,0.166,0.862333333333333,0.895666666666667,0.873,0.399,0.427,0.42
"10-40-0.6-100",0.98,0.984,0.992,0.638,0.636,0.645,0.047,0.103666666666667,0.140666666666667,0.179,0.185333333333333,0.184,0.933,0.880333333333333,0.851333333333333,0.459,0.450666666666667,0.461
"10-40-0.6-200",0.998,0.998,0.988,0.817,0.821,0.818,0.058,0.078,0.110666666666667,0.144333333333333,0.14,0.143333333333333,0.94,0.92,0.877333333333333,0.672666666666667,0.681,0.674666666666667
