"Austria";"Belgium";"Denmark";"Finland";"France";"Germany";"Italy";"Netherlands";"Norway";"Sweden";"Switzerland";"United Kingdom";"Greece";"Portugal";"Spain";"Australia";"New Zealand";"Canada";"United States";"Argentina";"Brazil";"Chile";"Colombia";"Mexico";"Peru";"Uruguay";"Venezuela";"Ecuador";"India";"Japan";"Sri Lanka"
"2,882";"3,731";"3,017";"1,668";"2,876";"2,985";"1,855";"3,329";"1,877";"2,083";"5,899";"4,492";"1,237";"1,302";"1,786";"4,013";"4,298";"2,911";"4,091";"2,875";"678";"2,194";"683";"1,319";"680";"2,219";"821";"594";"599";"1,180";"1,290"
"2,864";"3,719";"3,104";"1,636";"2,826";"2,871";"1,885";"3,440";"1,902";"2,137";"5,636";"4,450";"1,186";"1,269";"1,901";"3,839";"4,223";"3,097";"4,464";"2,880";"730";"2,223";"679";"1,415";"721";"2,233";"791";"606";"608";"1,206";"1,192"
"2,945";"3,739";"3,141";"1,591";"2,775";"2,893";"1,915";"3,532";"1,914";"2,109";"5,792";"4,525";"1,520";"1,266";"1,833";"3,823";"4,438";"3,331";"4,421";"2,717";"715";"2,293";"676";"1,348";"757";"2,572";"856";"618";"655";"1,129";"1,175"
"2,941";"3,772";"3,290";"1,686";"2,831";"3,008";"1,932";"3,478";"1,891";"2,220";"5,679";"4,440";"1,485";"1,273";"1,829";"4,076";"4,727";"3,334";"4,551";"2,992";"714";"2,139";"672";"1,483";"798";"2,615";"913";"631";"660";"1,193";"1,225"
"2,956";"3,821";"3,326";"1,731";"2,847";"3,083";"1,966";"3,476";"1,888";"2,258";"6,067";"4,428";"1,567";"1,279";"1,810";"4,295";"4,570";"3,280";"4,410";"3,191";"713";"2,287";"669";"1,492";"815";"2,640";"876";"643";"659";"1,188";"1,215"
"3,090";"3,882";"3,346";"1,742";"2,894";"3,104";"2,007";"3,598";"1,892";"2,225";"6,302";"4,520";"1,606";"1,233";"1,777";"4,282";"4,850";"3,562";"4,642";"3,479";"718";"2,259";"666";"1,630";"864";"2,334";"861";"656";"643";"1,157";"1,179"
"3,176";"3,917";"3,402";"1,794";"2,943";"3,152";"2,075";"3,620";"1,962";"2,403";"6,592";"4,631";"1,587";"1,231";"1,851";"4,507";"5,158";"3,846";"5,079";"3,518";"770";"2,408";"671";"1,594";"921";"2,533";"799";"669";"657";"1,297";"1,190"
"3,338";"3,932";"3,486";"1,834";"3,070";"3,245";"2,112";"3,508";"2,038";"2,563";"6,557";"4,679";"1,609";"1,249";"1,896";"4,616";"5,340";"3,875";"5,065";"3,459";"755";"2,507";"702";"1,669";"966";"2,757";"793";"683";"614";"1,325";"1,233"
"3,320";"3,933";"3,552";"1,829";"3,045";"3,254";"2,156";"3,531";"2,088";"2,484";"6,573";"4,449";"1,600";"1,219";"1,957";"4,693";"4,835";"3,572";"4,561";"3,657";"734";"2,743";"728";"1,649";"972";"2,973";"841";"703";"619";"1,318";"1,221"
"3,276";"3,971";"3,643";"1,884";"3,167";"3,275";"2,173";"3,671";"2,115";"2,497";"6,665";"4,511";"1,632";"1,208";"1,977";"4,981";"4,770";"3,850";"5,017";"3,699";"776";"2,726";"751";"1,680";"976";"2,957";"865";"724";"700";"1,301";"1,153"
"3,290";"4,064";"3,705";"1,906";"2,965";"3,348";"2,176";"3,783";"2,186";"2,543";"6,885";"4,611";"1,626";"1,228";"1,895";"5,210";"5,316";"4,066";"4,964";"3,822";"769";"3,000";"779";"1,694";"981";"3,136";"886";"746";"697";"1,304";"1,208"
"3,365";"4,148";"3,857";"1,939";"3,250";"3,408";"2,199";"3,863";"2,255";"2,606";"6,927";"4,709";"2,027";"1,242";"2,017";"5,104";"5,494";"4,213";"5,046";"3,746";"836";"2,887";"802";"1,707";"989";"2,957";"937";"768";"691";"1,356";"1,160"
"3,505";"4,206";"3,812";"2,022";"3,514";"3,524";"2,201";"3,918";"2,344";"2,705";"7,212";"4,762";"1,967";"1,257";"1,989";"5,098";"5,209";"4,377";"5,201";"3,904";"809";"2,968";"826";"1,718";"1,012";"3,508";"962";"792";"689";"1,384";"1,157"
"3,465";"4,220";"3,912";"2,111";"3,485";"3,648";"2,305";"4,049";"2,447";"2,874";"7,093";"4,921";"1,177";"1,250";"2,056";"5,157";"5,152";"4,447";"5,301";"3,797";"811";"2,988";"845";"1,732";"1,032";"3,310";"1,104";"815";"673";"1,387";"1,234"
"2,876";"3,923";"4,110";"2,001";"3,236";"3,059";"2,179";"3,868";"2,472";"2,935";"6,639";"4,927";"1,502";"1,258";"2,014";"5,027";"5,189";"4,025";"4,799";"3,302";"780";"2,497";"861";"1,744";"1,013";"2,654";"956";"832";"709";"1,327";"1,210"
"2,653";"3,858";"3,778";"1,882";"3,248";"2,899";"2,070";"3,926";"2,554";"3,037";"6,623";"5,288";"1,143";"1,228";"2,033";"4,897";"5,174";"4,233";"4,864";"3,244";"798";"2,389";"883";"1,757";"1,087";"2,470";"980";"848";"691";"1,430";"1,136"
"2,628";"4,080";"3,891";"1,893";"3,463";"2,935";"2,240";"3,956";"2,628";"3,205";"7,058";"5,384";"972";"1,234";"2,113";"4,878";"5,120";"4,646";"5,459";"3,091";"804";"2,895";"911";"1,770";"1,185";"2,508";"921";"857";"710";"1,630";"1,173"
"2,586";"3,519";"3,617";"1,581";"2,979";"2,952";"2,247";"3,627";"2,361";"3,011";"6,821";"5,421";"848";"1,212";"2,073";"4,791";"5,008";"4,801";"5,248";"2,790";"842";"2,923";"930";"1,783";"1,213";"2,717";"1,069";"865";"697";"1,665";"1,218"
"2,555";"2,861";"3,459";"1,370";"2,396";"2,983";"2,191";"3,352";"2,243";"2,782";"6,217";"5,459";"1,430";"1,150";"2,045";"4,602";"4,911";"4,441";"5,659";"3,248";"808";"2,926";"963";"1,796";"1,205";"2,828";"1,057";"874";"607";"1,668";"1,107"
"2,259";"3,389";"3,860";"1,658";"2,811";"2,586";"2,103";"4,122";"2,602";"2,825";"6,176";"4,870";"1,274";"1,173";"2,044";"4,716";"5,283";"4,019";"5,680";"3,307";"895";"2,480";"1,022";"1,810";"1,230";"3,135";"983";"891";"690";"1,827";"1,166"
"2,412";"3,962";"3,992";"1,846";"3,227";"2,796";"2,153";"4,220";"2,739";"3,004";"6,568";"4,548";"1,433";"1,229";"2,177";"4,766";"5,641";"3,861";"5,552";"3,473";"963";"2,768";"1,071";"1,823";"1,226";"2,674";"1,173";"909";"635";"1,696";"1,092"
"2,650";"4,056";"3,826";"1,884";"3,075";"3,078";"2,080";"4,431";"2,443";"2,850";"5,543";"4,439";"1,918";"1,290";"2,212";"4,911";"5,128";"3,357";"5,323";"3,471";"963";"2,370";"1,110";"1,836";"1,257";"2,751";"1,214";"918";"679";"1,860";"1,059"
"2,877";"4,413";"4,166";"2,058";"3,610";"3,331";"2,231";"4,599";"2,678";"3,054";"6,487";"4,637";"1,963";"1,430";"2,284";"5,064";"4,841";"3,793";"5,540";"3,636";"1,009";"2,426";"1,161";"1,850";"1,345";"3,078";"1,241";"927";"701";"1,831";"1,086"
"2,842";"4,533";"4,559";"2,187";"3,754";"2,750";"2,414";"4,635";"2,732";"3,151";"6,711";"4,760";"1,988";"1,473";"2,290";"5,192";"5,144";"3,976";"6,164";"3,898";"1,046";"2,885";"1,211";"1,884";"1,415";"3,170";"1,420";"937";"671";"1,809";"1,066"
"3,163";"4,638";"4,528";"2,224";"4,179";"3,199";"2,457";"4,895";"2,715";"3,366";"7,226";"4,921";"2,057";"1,401";"2,331";"5,417";"5,143";"3,977";"6,233";"4,055";"1,024";"3,062";"1,255";"1,825";"1,524";"3,397";"1,630";"946";"697";"1,836";"1,128"
"3,367";"4,666";"4,378";"2,328";"4,166";"3,532";"2,602";"5,031";"2,863";"3,443";"7,361";"5,144";"2,140";"1,446";"2,451";"5,553";"5,292";"4,340";"6,282";"3,919";"1,007";"3,152";"1,255";"1,908";"1,540";"3,188";"2,081";"956";"698";"1,885";"1,187"
"3,413";"4,784";"4,598";"2,392";"4,249";"3,605";"2,600";"5,358";"2,889";"3,611";"7,497";"4,936";"2,180";"1,419";"2,417";"5,573";"4,905";"4,497";"6,602";"3,994";"1,008";"2,850";"1,340";"1,991";"1,670";"3,398";"2,487";"965";"713";"1,872";"1,266"
"3,505";"4,923";"4,658";"2,557";"4,154";"3,941";"2,531";"5,504";"2,986";"3,728";"7,962";"5,315";"2,220";"1,648";"2,600";"5,544";"4,683";"4,847";"6,576";"4,156";"1,060";"2,760";"1,424";"1,875";"1,674";"3,797";"2,761";"994";"706";"1,870";"1,261"
"3,657";"5,139";"4,785";"2,707";"4,431";"4,090";"2,666";"5,720";"3,106";"3,835";"8,353";"5,357";"2,234";"1,470";"2,584";"5,452";"5,141";"5,172";"6,569";"4,291";"1,158";"3,332";"1,490";"1,857";"1,754";"3,906";"3,057";"1,024";"706";"1,992";"1,257"
"3,699";"5,054";"5,075";"2,717";"4,710";"4,051";"2,778";"5,689";"3,387";"4,063";"8,636";"5,503";"2,342";"1,610";"2,739";"5,263";"5,262";"5,065";"6,899";"4,367";"1,137";"3,455";"1,505";"1,757";"1,908";"3,847";"3,426";"1,055";"728";"2,026";"1,336"
"3,586";"4,979";"5,341";"2,666";"4,532";"3,973";"2,631";"5,603";"3,627";"4,238";"8,492";"5,441";"2,258";"1,571";"2,620";"4,708";"4,960";"4,811";"6,213";"4,080";"1,048";"2,859";"1,474";"1,618";"1,663";"4,301";"3,444";"1,065";"726";"1,850";"1,265"
"3,288";"4,860";"5,359";"2,581";"4,235";"3,652";"2,579";"5,185";"3,323";"4,129";"8,437";"5,138";"2,134";"1,631";"2,529";"4,354";"4,475";"4,004";"5,691";"3,712";"1,004";"2,218";"1,448";"1,643";"1,504";"3,500";"2,754";"1,044";"711";"1,837";"1,203"
"2,940";"4,607";"5,169";"2,550";"3,959";"3,362";"2,615";"5,035";"3,467";"3,968";"7,862";"5,148";"2,289";"1,643";"2,559";"4,564";"4,327";"3,671";"4,908";"3,522";"1,018";"1,844";"1,511";"1,373";"1,423";"3,196";"2,613";"1,023";"709";"1,962";"1,141"
"2,833";"4,681";"5,291";"2,702";"4,239";"3,556";"2,565";"4,956";"3,534";"4,033";"8,057";"5,277";"2,395";"1,732";"2,486";"4,842";"4,576";"3,370";"4,777";"3,621";"1,076";"2,236";"1,577";"1,501";"1,558";"2,750";"2,831";"1,023";"700";"2,122";"1,150"
"2,852";"4,624";"5,402";"2,988";"4,192";"3,858";"2,538";"4,805";"3,638";"4,294";"8,086";"5,608";"2,418";"1,784";"2,556";"5,060";"4,768";"3,691";"5,114";"3,845";"1,142";"2,655";"1,526";"1,574";"1,740";"3,221";"2,995";"1,023";"697";"2,098";"1,260"
"2,907";"4,894";"5,480";"3,093";"4,086";"4,120";"2,654";"4,929";"3,800";"4,492";"7,698";"5,799";"2,480";"1,669";"2,583";"5,318";"4,959";"3,951";"5,467";"3,950";"1,150";"2,761";"1,677";"1,660";"1,873";"3,356";"3,181";"1,023";"680";"2,120";"1,184"
"2,995";"4,913";"5,575";"3,279";"4,244";"4,451";"2,540";"5,190";"4,035";"4,640";"7,574";"6,035";"2,455";"1,523";"1,989";"5,516";"5,840";"4,124";"6,204";"3,912";"1,235";"2,847";"1,744";"1,768";"1,931";"3,459";"3,449";"1,033";"697";"2,244";"1,175"
"3,156";"4,961";"5,668";"3,441";"4,487";"4,685";"2,772";"5,433";"4,193";"4,755";"8,360";"6,218";"2,769";"1,757";"1,808";"5,746";"6,102";"4,473";"6,430";"4,125";"1,250";"3,181";"1,751";"1,796";"1,926";"3,462";"3,896";"1,044";"676";"2,315";"1,247"
"3,559";"4,832";"5,762";"3,589";"4,466";"4,994";"2,830";"5,250";"4,262";"4,901";"7,967";"6,266";"2,677";"1,747";"1,790";"5,886";"6,462";"4,546";"6,126";"4,072";"1,276";"3,161";"1,843";"1,794";"1,925";"3,676";"4,144";"1,054";"668";"2,449";"1,225"
"4,096";"5,150";"5,993";"3,408";"4,793";"5,406";"2,981";"5,544";"4,441";"5,251";"8,092";"6,262";"2,638";"1,749";"1,915";"5,846";"6,460";"4,768";"6,561";"4,148";"1,263";"3,169";"1,905";"1,858";"1,905";"3,692";"4,305";"1,065";"674";"2,816";"1,186"
"3,959";"4,562";"5,116";"3,220";"4,042";"5,403";"2,897";"4,831";"4,038";"4,855";"8,139";"6,856";"2,223";"1,615";"2,080";"6,166";"6,300";"5,368";"7,010";"4,161";"1,250";"3,236";"1,895";"1,852";"1,911";"3,661";"4,045";"1,109";"686";"2,874";"1,251"
"4,217";"4,358";"4,574";"3,322";"3,309";"5,711";"2,822";"4,531";"4,112";"4,712";"8,047";"7,482";"1,874";"1,747";"2,030";"6,788";"6,129";"6,051";"8,206";"4,304";"1,307";"3,141";"1,877";"1,949";"1,880";"3,682";"3,903";"1,091";"691";"2,873";"1,277"
"3,983";"3,997";"4,629";"3,327";"2,981";"5,740";"2,648";"4,107";"3,928";"4,741";"7,669";"7,639";"1,579";"1,708";"2,126";"7,505";"6,762";"7,033";"9,741";"4,284";"1,229";"3,226";"1,832";"2,032";"1,807";"3,338";"3,347";"1,113";"679";"2,818";"1,323"
"4,065";"3,907";"5,080";"3,697";"2,860";"5,890";"2,234";"3,981";"3,820";"4,880";"7,643";"7,744";"1,327";"1,806";"2,188";"7,703";"6,928";"7,263";"11,518";"4,182";"1,368";"3,256";"1,792";"2,051";"1,804";"3,331";"3,575";"1,222";"698";"2,822";"1,284"
"4,152";"4,112";"5,543";"3,685";"2,422";"6,084";"1,797";"2,649";"3,588";"5,011";"7,724";"7,405";"1,116";"1,893";"2,271";"7,362";"6,868";"7,443";"12,333";"4,579";"1,386";"3,256";"1,863";"2,159";"1,926";"3,705";"4,309";"1,207";"683";"2,659";"1,154"
"1,725";"4,333";"5,066";"3,450";"2,573";"4,514";"1,609";"2,686";"3,980";"5,145";"7,475";"7,056";"938";"1,804";"2,102";"6,917";"6,928";"7,133";"11,709";"4,356";"1,390";"3,471";"1,899";"2,134";"1,964";"3,764";"5,102";"1,181";"664";"1,346";"1,116"
"1,956";"4,574";"5,777";"3,683";"3,855";"2,217";"2,162";"4,457";"4,335";"5,646";"8,997";"6,745";"1,386";"1,928";"2,179";"6,595";"7,161";"6,931";"9,197";"4,665";"1,501";"3,699";"2,017";"2,211";"2,005";"4,083";"5,948";"1,289";"622";"1,444";"1,050"
"2,166";"4,800";"6,035";"3,717";"4,138";"2,436";"2,556";"5,048";"4,864";"6,091";"9,182";"6,604";"1,763";"2,071";"2,198";"6,664";"7,846";"7,088";"8,886";"5,089";"1,518";"3,240";"2,042";"2,221";"2,027";"4,313";"6,894";"1,392";"618";"1,541";"1,073"
"2,764";"5,024";"6,133";"3,957";"4,393";"2,834";"2,735";"5,490";"5,144";"6,162";"9,116";"6,746";"1,798";"2,046";"2,186";"6,967";"6,929";"7,065";"9,065";"5,252";"1,596";"3,712";"2,050";"2,248";"2,059";"4,405";"7,394";"1,539";"617";"1,725";"1,159"
"3,293";"5,193";"6,494";"4,143";"4,946";"3,282";"2,948";"5,880";"5,227";"6,353";"8,757";"6,956";"1,869";"2,057";"2,155";"7,237";"7,521";"7,064";"8,944";"5,047";"1,659";"3,569";"2,107";"2,304";"2,177";"4,504";"7,544";"1,524";"624";"1,800";"1,199"
"3,706";"5,462";"6,943";"4,253";"5,186";"3,881";"3,172";"5,996";"5,430";"6,739";"9,064";"6,939";"1,915";"2,086";"2,189";"7,412";"8,456";"7,291";"9,561";"4,987";"1,672";"3,670";"2,153";"2,365";"2,308";"4,659";"7,462";"1,607";"619";"1,921";"1,253"
"3,959";"5,747";"6,936";"4,571";"5,461";"4,206";"3,451";"6,032";"5,670";"6,949";"9,684";"7,123";"2,062";"2,168";"2,386";"7,507";"7,653";"7,533";"10,116";"5,073";"1,702";"3,731";"2,150";"2,477";"2,426";"4,955";"7,663";"1,606";"623";"2,126";"1,293"
"3,967";"5,668";"6,955";"4,674";"5,564";"4,553";"3,591";"6,084";"5,814";"6,996";"9,630";"7,091";"2,053";"2,161";"2,558";"7,418";"7,796";"7,833";"10,316";"4,717";"1,752";"3,893";"2,214";"2,504";"2,487";"4,957";"7,992";"1,747";"629";"2,336";"1,313"
"4,137";"5,818";"7,292";"4,652";"5,684";"4,905";"3,830";"6,543";"5,985";"7,145";"9,840";"7,346";"2,309";"2,298";"2,528";"7,505";"7,856";"7,984";"10,613";"4,874";"1,784";"4,112";"2,277";"2,439";"2,579";"5,139";"7,956";"1,761";"657";"2,474";"1,299"
"4,555";"6,029";"7,371";"5,002";"5,915";"5,247";"3,947";"6,907";"6,226";"7,402";"10,287";"7,619";"2,358";"2,393";"2,696";"7,791";"8,743";"7,699";"10,359";"4,980";"1,848";"3,907";"2,358";"2,605";"2,583";"5,391";"8,417";"1,877";"672";"2,582";"1,296"
"5,053";"6,280";"7,395";"5,197";"6,199";"5,797";"4,190";"7,326";"6,301";"7,566";"10,867";"7,868";"2,514";"2,475";"2,778";"8,027";"8,725";"8,201";"10,897";"5,237";"1,926";"3,975";"2,373";"2,742";"2,703";"5,352";"8,750";"1,912";"676";"2,771";"1,337"
"5,397";"6,422";"7,439";"5,295";"6,448";"6,177";"4,368";"7,499";"6,575";"7,797";"11,439";"7,929";"2,706";"2,564";"2,978";"8,108";"9,000";"8,652";"10,914";"5,285";"1,896";"3,957";"2,391";"2,843";"2,751";"5,360";"9,124";"1,922";"701";"2,948";"1,312"
"5,716";"6,495";"7,965";"5,490";"6,762";"6,492";"4,591";"7,614";"6,711";"8,092";"11,705";"8,017";"2,859";"2,659";"3,046";"8,090";"9,045";"8,607";"10,920";"5,461";"1,994";"4,264";"2,400";"2,965";"2,810";"5,333";"10,058";"1,941";"680";"3,136";"1,297"
"5,907";"6,442";"8,095";"5,474";"6,855";"6,737";"4,823";"7,482";"6,652";"8,083";"11,297";"7,966";"2,963";"2,672";"3,150";"8,305";"9,185";"8,534";"10,631";"5,698";"2,111";"4,392";"2,383";"3,025";"2,743";"5,402";"9,816";"1,939";"716";"3,289";"1,301"
"6,051";"6,608";"8,637";"5,754";"6,979";"7,177";"5,131";"7,737";"6,874";"8,288";"11,870";"8,240";"3,040";"2,794";"3,050";"8,628";"9,630";"8,676";"11,230";"5,241";"2,221";"4,042";"2,473";"3,016";"2,682";"4,860";"9,997";"1,975";"717";"3,554";"1,285"
"6,519";"6,952";"8,812";"6,230";"7,398";"7,705";"5,456";"8,287";"7,204";"8,688";"12,457";"8,645";"3,146";"2,956";"3,072";"8,791";"9,465";"8,753";"11,328";"5,559";"2,335";"4,270";"2,497";"3,155";"2,969";"4,960";"9,646";"2,026";"753";"3,986";"1,295"
"6,827";"7,253";"9,312";"6,658";"7,718";"7,952";"5,853";"8,202";"7,595";"9,137";"13,099";"8,857";"3,393";"3,119";"3,436";"8,653";"9,745";"8,833";"11,402";"5,862";"2,437";"4,366";"2,540";"3,172";"3,142";"5,036";"9,002";"2,069";"758";"4,426";"1,286"
"6,950";"7,583";"9,747";"6,819";"8,067";"8,222";"6,203";"8,639";"7,746";"9,469";"13,354";"8,865";"3,499";"3,330";"3,800";"9,027";"9,731";"9,277";"11,905";"5,677";"2,511";"4,465";"2,594";"3,211";"3,281";"4,858";"9,058";"2,108";"758";"4,777";"1,297"
"7,186";"7,862";"9,732";"6,994";"8,363";"8,386";"6,532";"8,832";"7,982";"9,917";"13,710";"9,149";"3,841";"3,504";"4,151";"9,400";"10,132";"9,566";"12,242";"5,455";"2,463";"4,639";"2,597";"3,343";"3,334";"4,820";"9,134";"2,090";"779";"5,129";"1,291"
"7,567";"8,341";"10,560";"7,307";"8,819";"8,822";"6,728";"9,437";"8,316";"10,515";"14,191";"9,568";"4,141";"3,718";"4,515";"9,849";"10,418";"9,999";"12,773";"5,926";"2,472";"4,638";"2,675";"3,594";"3,465";"4,858";"9,562";"2,179";"821";"5,668";"1,320"
"7,734";"8,559";"10,953";"7,670";"9,165";"9,186";"6,964";"9,798";"8,690";"10,815";"14,504";"9,752";"4,509";"3,992";"4,762";"10,152";"10,879";"10,473";"13,419";"6,371";"2,448";"4,577";"2,689";"3,702";"3,594";"4,860";"9,841";"2,184";"771";"5,934";"1,329"
"8,112";"8,776";"11,160";"7,824";"9,544";"9,388";"7,366";"9,936";"8,945";"10,936";"14,727";"9,885";"4,749";"4,164";"5,060";"10,241";"11,362";"10,946";"14,134";"6,321";"2,527";"4,984";"2,750";"3,813";"3,788";"4,974";"9,677";"2,172";"762";"6,506";"1,284"
"8,297";"9,072";"11,437";"7,947";"9,907";"9,397";"7,872";"10,341";"9,423";"11,219";"15,010";"10,049";"4,951";"4,481";"5,334";"10,733";"10,682";"11,078";"14,330";"6,399";"2,554";"5,046";"2,784";"3,922";"3,831";"4,721";"9,922";"2,253";"807";"7,152";"1,368"
"8,621";"9,416";"11,837";"8,093";"10,267";"9,864";"8,382";"10,894";"9,551";"11,561";"15,374";"10,410";"5,266";"4,873";"5,588";"11,148";"10,545";"11,479";"14,863";"6,578";"2,704";"5,128";"2,874";"4,073";"3,685";"4,747";"10,249";"2,274";"809";"7,983";"1,437"
"9,131";"10,018";"12,531";"8,878";"10,886";"10,440";"8,879";"11,462";"9,899";"12,055";"16,031";"10,552";"5,766";"4,987";"6,032";"11,561";"11,511";"11,912";"15,179";"7,037";"2,860";"5,220";"2,976";"4,185";"3,676";"4,991";"10,262";"2,259";"845";"8,874";"1,461"
"9,747";"10,611";"12,686";"9,577";"11,410";"10,839";"9,367";"11,967";"10,027";"12,716";"16,904";"10,767";"6,211";"5,473";"6,319";"12,024";"11,189";"12,050";"15,030";"7,302";"3,057";"5,231";"3,094";"4,320";"3,854";"5,184";"10,672";"2,335";"868";"9,714";"1,499"
"10,200";"10,970";"12,934";"9,765";"11,845";"11,077";"9,489";"12,319";"10,472";"12,748";"17,381";"10,941";"6,624";"5,871";"6,618";"12,290";"11,576";"12,562";"15,304";"7,530";"3,278";"5,597";"3,194";"4,365";"3,916";"5,130";"10,446";"2,409";"856";"10,040";"1,457"
"10,771";"11,503";"13,538";"10,448";"12,264";"11,481";"9,795";"12,597";"10,922";"13,002";"17,774";"11,294";"7,400";"6,355";"7,099";"12,404";"11,850";"13,072";"15,944";"7,635";"3,538";"5,429";"3,355";"4,602";"3,930";"4,945";"10,245";"2,677";"834";"10,734";"1,460"
"11,235";"12,170";"13,945";"11,085";"12,824";"11,966";"10,414";"13,081";"11,324";"13,494";"18,204";"12,025";"7,655";"7,063";"7,661";"12,878";"12,424";"13,838";"16,689";"7,962";"3,880";"5,034";"3,499";"4,853";"4,023";"4,974";"10,625";"3,258";"853";"11,434";"1,492"
"11,658";"12,643";"13,751";"11,361";"13,113";"12,063";"10,914";"13,497";"11,726";"13,885";"18,414";"11,859";"7,350";"7,048";"8,149";"12,985";"12,879";"14,205";"16,491";"8,334";"4,081";"4,992";"3,618";"5,013";"4,119";"5,123";"10,507";"3,370";"843";"11,145";"1,517"
"11,646";"12,441";"13,621";"11,441";"12,957";"12,041";"10,619";"13,374";"12,271";"14,183";"17,224";"11,847";"7,722";"6,517";"8,346";"13,170";"12,489";"14,316";"16,284";"8,122";"4,187";"4,273";"3,621";"5,158";"4,326";"5,417";"10,472";"3,456";"897";"11,344";"1,527"
"12,201";"13,122";"14,466";"11,358";"13,466";"12,684";"11,308";"13,885";"12,930";"14,282";"17,170";"12,115";"8,105";"6,814";"8,599";"13,559";"12,648";"14,902";"16,975";"7,965";"4,470";"4,347";"3,713";"5,244";"4,271";"5,602";"10,929";"3,668";"889";"11,669";"1,546"
"12,767";"13,190";"14,655";"11,355";"13,913";"13,072";"11,542";"14,177";"13,425";"14,004";"17,635";"12,384";"8,255";"7,166";"8,833";"13,546";"11,989";"15,223";"17,567";"8,304";"4,565";"4,700";"3,793";"5,293";"4,157";"5,629";"11,251";"3,797";"937";"12,064";"1,620"
"12,731";"13,554";"14,826";"11,559";"14,240";"13,455";"11,869";"14,424";"13,840";"14,207";"17,662";"12,828";"8,695";"7,340";"9,023";"13,769";"12,034";"15,680";"18,373";"7,807";"4,678";"5,011";"4,042";"5,595";"4,049";"5,888";"11,164";"3,933";"966";"12,585";"1,690"
"13,448";"13,861";"15,313";"12,332";"14,634";"13,993";"12,532";"14,647";"14,411";"14,721";"18,050";"13,167";"8,904";"7,733";"9,068";"14,320";"12,284";"16,170";"18,789";"8,227";"4,890";"5,345";"4,177";"5,968";"4,181";"6,215";"10,920";"4,027";"895";"13,163";"1,766"
"13,759";"14,467";"15,227";"12,949";"14,766";"14,114";"12,927";"14,705";"15,076";"14,937";"18,779";"12,931";"8,971";"8,044";"9,203";"14,412";"12,347";"16,176";"18,577";"8,206";"5,195";"5,680";"4,257";"6,320";"4,263";"6,555";"10,139";"4,109";"938";"13,428";"1,830"
"13,718";"14,279";"15,096";"13,134";"14,840";"14,149";"13,018";"14,525";"15,169";"14,917";"18,956";"12,747";"8,896";"8,114";"9,186";"14,660";"12,884";"16,472";"18,856";"7,607";"4,850";"5,932";"4,255";"6,717";"4,342";"6,873";"9,841";"4,155";"977";"13,754";"1,913"
"13,961";"14,474";"15,563";"13,485";"15,132";"14,040";"13,064";"14,291";"15,145";"15,058";"18,560";"12,955";"8,879";"8,280";"9,293";"14,412";"12,996";"15,779";"18,325";"7,246";"4,763";"5,035";"4,202";"6,514";"4,247";"5,972";"9,356";"4,091";"985";"14,078";"1,977"
"14,394";"14,474";"15,966";"13,767";"15,245";"14,329";"13,209";"14,483";"15,636";"15,315";"18,560";"13,404";"8,866";"8,255";"9,478";"14,239";"13,184";"16,076";"18,920";"7,387";"4,498";"4,810";"4,175";"6,088";"3,594";"5,583";"8,745";"3,871";"1,043";"14,307";"2,050"
"14,439";"14,833";"16,676";"14,107";"15,382";"14,783";"13,634";"14,900";"16,513";"15,908";"19,038";"13,720";"9,067";"8,089";"9,571";"15,062";"13,666";"16,836";"20,123";"7,426";"4,643";"5,011";"4,229";"6,162";"3,676";"5,487";"8,623";"3,928";"1,060";"14,773";"2,125"
"14,752";"14,977";"17,384";"14,522";"15,530";"15,140";"14,010";"15,283";"17,320";"16,189";"19,586";"14,165";"9,316";"8,306";"9,722";"15,638";"13,664";"17,582";"20,717";"6,835";"4,914";"5,030";"4,272";"6,194";"3,666";"5,560";"8,521";"3,995";"1,079";"15,331";"2,186"
"15,081";"15,195";"17,993";"14,819";"15,833";"15,469";"14,408";"15,617";"17,882";"16,505";"19,786";"14,742";"9,440";"8,641";"9,998";"15,757";"13,880";"17,862";"21,236";"7,224";"5,202";"5,227";"4,436";"5,834";"3,946";"6,015";"8,725";"4,016";"1,101";"15,679";"2,263"
"15,313";"15,541";"18,023";"15,382";"16,158";"15,701";"14,868";"15,737";"18,164";"16,949";"19,792";"15,393";"9,375";"9,185";"10,520";"16,293";"13,891";"18,348";"21,788";"7,298";"5,270";"5,480";"4,577";"5,818";"4,192";"6,453";"8,805";"3,682";"1,125";"16,251";"2,252"
"15,754";"16,252";"18,224";"16,088";"16,790";"16,160";"15,485";"16,044";"18,059";"17,232";"20,243";"16,110";"9,784";"9,868";"11,046";"16,752";"13,816";"18,993";"22,499";"7,054";"5,155";"5,780";"4,669";"5,771";"3,766";"6,413";"9,080";"3,971";"1,216";"17,185";"2,279"
"16,360";"16,744";"18,261";"16,946";"17,300";"16,558";"15,997";"16,695";"18,157";"17,524";"20,935";"16,414";"10,111";"10,372";"11,582";"17,194";"13,869";"19,108";"23,059";"6,520";"5,224";"6,283";"4,726";"5,899";"3,237";"6,454";"8,094";"3,888";"1,270";"17,943";"2,307"
"16,895";"17,197";"18,452";"16,866";"17,647";"15,929";"16,313";"17,262";"18,466";"17,609";"21,487";"16,430";"10,015";"10,826";"12,055";"17,173";"13,687";"18,872";"23,201";"6,433";"4,920";"6,401";"4,826";"6,085";"3,008";"6,465";"8,313";"3,903";"1,309";"18,789";"2,424"
"17,263";"17,451";"18,644";"15,768";"17,724";"16,650";"16,563";"17,548";"18,951";"17,276";"21,040";"16,155";"10,204";"11,304";"12,327";"16,743";"13,374";"18,262";"22,833";"6,955";"4,888";"6,784";"4,840";"6,226";"3,028";"6,664";"8,907";"4,061";"1,305";"19,347";"2,519"
"17,409";"17,645";"18,949";"15,136";"17,880";"16,891";"16,634";"17,720";"19,506";"16,969";"20,804";"16,133";"10,201";"11,417";"12,413";"16,989";"13,373";"18,147";"23,285";"7,384";"4,782";"7,483";"4,950";"6,333";"2,953";"7,163";"9,234";"4,074";"1,350";"19,440";"2,599"
"17,339";"17,406";"18,870";"14,943";"17,666";"16,645";"16,441";"17,824";"19,931";"16,524";"20,591";"16,458";"9,982";"11,138";"12,259";"17,478";"14,032";"18,309";"23,640";"7,748";"4,937";"7,869";"5,131";"6,339";"3,030";"7,324";"9,061";"4,010";"1,401";"19,417";"2,740"
"17,670";"17,902";"19,847";"15,424";"17,978";"17,028";"16,762";"18,223";"20,818";"17,066";"20,685";"17,118";"10,136";"11,179";"12,528";"18,146";"14,551";"18,942";"24,313";"8,119";"5,145";"8,182";"5,293";"6,504";"3,351";"7,825";"8,666";"4,109";"1,464";"19,537";"2,852"
"18,096";"18,270";"20,350";"15,977";"18,262";"17,299";"17,217";"18,697";"21,578";"17,646";"20,660";"17,586";"10,321";"11,614";"13,132";"18,530";"14,909";"19,238";"24,637";"7,786";"5,280";"8,910";"5,470";"6,001";"3,573";"7,679";"8,831";"4,059";"1,543";"19,872";"2,971"
"18,512";"18,487";"20,810";"16,497";"18,373";"17,420";"17,378";"19,248";"22,564";"17,901";"20,689";"18,044";"10,543";"12,001";"13,423";"19,075";"15,144";"19,331";"25,263";"8,091";"5,313";"9,427";"5,497";"6,209";"3,599";"8,072";"8,649";"4,077";"1,635";"20,343";"3,047"
"18,918";"19,139";"21,388";"17,472";"18,690";"17,709";"17,676";"19,973";"23,649";"18,375";"21,072";"19,115";"10,902";"12,460";"13,912";"19,612";"15,407";"19,962";"26,074";"8,615";"5,411";"9,906";"5,607";"6,526";"3,783";"8,434";"9,035";"4,115";"1,675";"20,617";"3,205"
"19,613";"19,475";"21,771";"18,307";"19,233";"18,029";"17,909";"20,631";"24,135";"19,137";"21,603";"19,724";"11,250";"13,013";"14,483";"20,378";"15,477";"20,612";"26,893";"8,900";"5,334";"10,088";"5,563";"6,754";"3,700";"8,776";"8,906";"4,097";"1,755";"20,154";"3,321"
"20,268";"20,128";"22,255";"18,981";"19,771";"18,380";"18,141";"21,457";"24,455";"20,013";"21,828";"20,269";"11,616";"13,466";"15,093";"20,971";"16,202";"21,563";"27,870";"8,545";"5,270";"9,884";"5,269";"6,916";"3,680";"8,494";"8,238";"3,809";"1,835";"20,070";"3,421"
"20,962";"20,809";"22,966";"19,951";"20,392";"18,944";"18,761";"22,148";"25,088";"20,871";"22,521";"21,046";"12,111";"13,922";"15,724";"21,378";"16,518";"22,488";"28,702";"8,410";"5,418";"10,199";"5,375";"7,275";"3,737";"8,341";"8,409";"3,911";"1,882";"20,481";"3,579"
"21,094";"20,920";"23,048";"20,360";"20,648";"19,157";"19,062";"22,411";"25,458";"21,096";"22,692";"21,567";"12,592";"14,127";"16,119";"21,662";"16,934";"22,687";"28,726";"7,968";"5,412";"10,421";"5,409";"7,178";"3,695";"8,030";"8,566";"4,038";"1,957";"20,500";"3,489"
"21,407";"21,163";"23,075";"20,683";"20,720";"19,140";"19,100";"22,291";"25,724";"21,586";"22,622";"22,008";"12,998";"14,171";"16,320";"22,237";"17,486";"23,155";"28,977";"7,038";"5,481";"10,533";"5,476";"7,146";"3,831";"7,121";"7,696";"4,112";"1,997";"20,517";"3,588"
"21,555";"21,295";"23,080";"21,053";"20,789";"19,088";"19,007";"22,267";"25,864";"22,050";"22,516";"22,763";"13,742";"13,980";"16,553";"22,666";"17,881";"23,407";"29,459";"7,518";"5,472";"10,837";"5,614";"7,159";"3,937";"7,256";"6,996";"4,166";"2,130";"20,833";"3,757"
"22,080";"21,955";"23,526";"21,879";"21,193";"19,284";"19,211";"22,696";"26,776";"22,943";"22,960";"23,307";"14,313";"14,139";"16,823";"23,322";"18,298";"23,953";"30,200";"7,967";"5,713";"11,485";"5,831";"7,362";"4,084";"8,094";"8,156";"4,434";"2,273";"21,301";"3,917"
"22,583";"22,305";"24,017";"22,479";"21,450";"19,417";"19,284";"23,114";"27,358";"23,627";"23,481";"23,810";"14,611";"14,191";"17,145";"23,765";"18,706";"24,484";"30,842";"8,541";"5,824";"12,080";"6,022";"7,514";"4,313";"8,613";"8,868";"4,588";"2,424";"21,575";"4,126"
"23,388";"22,867";"24,749";"23,434";"21,842";"20,041";"19,630";"23,867";"27,921";"24,602";"24,262";"24,285";"15,392";"14,343";"17,552";"24,098";"18,927";"24,967";"31,358";"9,101";"5,988";"12,648";"6,340";"7,803";"4,596";"8,968";"9,602";"4,718";"2,612";"21,938";"4,397"
"24,235";"23,497";"25,060";"24,651";"22,202";"20,547";"19,842";"24,756";"28,556";"25,377";"25,025";"25,002";"15,827";"14,631";"17,849";"24,912";"19,269";"25,300";"31,655";"9,715";"6,285";"13,176";"6,690";"7,972";"4,950";"9,604";"10,290";"4,739";"2,810";"22,410";"4,651"
"24,565";"23,701";"24,789";"24,694";"22,057";"20,801";"19,460";"25,112";"28,464";"25,181";"25,293";"24,602";"15,778";"14,583";"17,734";"25,218";"18,875";"25,262";"31,251";"9,972";"6,542";"13,479";"6,840";"7,978";"5,376";"10,405";"10,672";"5,005";"2,952";"22,175";"4,882"
"23,623";"23,020";"23,275";"22,562";"21,244";"19,790";"18,279";"24,073";"27,893";"23,878";"24,538";"23,489";"15,244";"14,118";"16,928";"25,256";"18,843";"24,361";"29,899";"9,581";"6,457";"13,210";"6,854";"7,392";"5,365";"10,650";"10,176";"4,948";"3,154";"20,963";"5,011"
"24,096";"23,557";"23,513";"23,290";"21,477";"20,661";"18,520";"24,303";"27,987";"25,306";"25,033";"23,777";"14,691";"14,279";"16,797";"25,584";"18,886";"24,941";"30,491";"10,256";"6,879";"13,883";"7,063";"7,716";"5,774";"11,526";"9,874";"5,050";"3,372";"21,935";"5,360"
